{
  "USR": 0.5308641975308642,
  "GUR": 0.4726027397260274,
  "APR": 0.3306598062953995,
  "MIA": 0.4296875
}