{
  "final_results": {
    "USR": 0.7283950617283951,
    "GUR": 0.3493150684931507,
    "APR": 0.34760895883777243,
    "MIA": 0.4088541666666667
  },
  "paper_results": {
    "USR": 88.5,
    "GUR": 93.7,
    "APR": 79.4,
    "MIA": 18.8
  }
}