epoch,loss,USR,GUR,APR,MIA
1,0.9245882585843405,0.5061728395061729,0.363013698630137,0.2784503631961259,0.4296875
