{"eval/utility/gen":0.30409356725146197,"eval/utility/flu":6.730126428772291,"train/training_loss_layer29":-0.4656985402107239,"report/mia/rt":809.6398070051864,"train/unlearning_loss_layer29":0,"report/neighbor/all":0,"report/neighbor/qa":0,"report/utility/gen":30.409356725146196,"report/utility/rea":0,"train/grad_norm_pre_clip":0,"epoch":19,"_wandb":{"runtime":39886},"train/grad_norm_embedding_clip":0.21304088830947876,"eval/mia/fm":-8.869989568536932,"train/unlearning_loss":0,"train/loss":0,"_step":3410,"train/unlearning_threshold":0.20000000298023224,"eval/neighbor/qa":0,"train/unlearning_loss_layer15":0,"_timestamp":1.7758183575577307e+09,"_runtime":39886,"trainer/global_step":33999,"train/training_loss":-0.4823632836341858,"report/forget/fb":3.571428571428571,"eval/stage_number":20,"report/neighbor/fb":0,"eval/mia/rt":-8.096398070051864,"eval/utility/tru":0.28,"eval/utility/fac":0.03568442668193644,"report/utility/flu":673.012642877229,"report/forget/aa":1.4367816091954022,"eval/forget/aa":0.014367816091954021,"report/utility/fac":3.5684426681936445,"eval/utility/rea":0,"report/forget/all":1.966245409558023,"train/training_loss_layer15":-0.4990280568599701,"eval/forget/fb":0.03571428571428571,"eval/forget/qa":0.014285714285714285,"report/mia/fm":886.9989568536931,"report/forget/qa":1.4285714285714286,"report/stage_number":20,"report/utility/tru":28.000000000000004,"eval/neighbor/fb":0}