{"report/utility/gen":69.5906432748538,"report/utility/fac":16.154775061689183,"eval/utility/rea":0.38271604938271603,"_timestamp":1.7731042414769266e+09,"eval/neighbor/fb":0.7,"eval/utility/tru":0.36,"report/mia/fm":220.6496886773543,"report/stage_number":0,"eval/forget/fb":0.7142857142857143,"eval/mia/fm":-2.206496886773543,"eval/utility/gen":0.695906432748538,"eval/neighbor/qa":0.8049206349206349,"report/neighbor/all":75.10173014338584,"report/mia/rt":193.68619499979792,"report/forget/fb":71.42857142857143,"eval/utility/fac":0.16154775061689183,"report/utility/rea":38.2716049382716,"eval/mia/rt":-1.9368619499979793,"eval/forget/qa":0.5214285714285715,"_step":0,"report/forget/aa":58.33333333333333,"eval/stage_number":0,"report/forget/all":60.23515780541141,"_wandb":{"runtime":468},"eval/forget/aa":0.5833333333333333,"report/neighbor/fb":70,"report/forget/qa":52.142857142857146,"report/utility/tru":36,"trainer/global_step":0,"eval/utility/flu":7.056748466804751,"report/utility/flu":705.6748466804751,"_runtime":468,"report/neighbor/qa":80.4920634920635}