{"train/unlearning_threshold":0.20000000298023224,"eval/utility/rea":0,"_timestamp":1.7757245775611053e+09,"train/training_loss_layer15":-0.5004085302352905,"eval/mia/rt":-7.351317650563008,"train/unlearning_loss_layer4":0,"train/loss":0,"report/utility/flu":647.1558498035641,"report/forget/all":1.2161496522537385,"eval/neighbor/qa":0,"train/grad_norm_embedding_clip":0.18143218755722046,"_runtime":40805,"train/unlearning_loss":0,"eval/utility/flu":6.471558498035641,"train/training_loss_layer4":-0.49129191040992737,"trainer/global_step":33999,"report/utility/gen":28.654970760233915,"eval/forget/aa":0.008620689655172414,"train/grad_norm_pre_clip":0,"eval/utility/tru":0.26,"eval/utility/fac":0.019676144543152214,"epoch":19,"_wandb":{"runtime":40805},"report/utility/rea":0,"_step":3410,"train/training_loss_layer29":-0.4648818373680115,"eval/forget/qa":0.014285714285714285,"report/utility/fac":1.9676144543152214,"eval/neighbor/fb":0,"report/forget/qa":1.4285714285714286,"eval/forget/fb":0.017857142857142856,"report/mia/rt":735.1317650563008,"eval/stage_number":20,"report/forget/fb":1.7857142857142856,"train/unlearning_loss_layer15":0,"report/mia/fm":797.8967441212047,"eval/mia/fm":-7.978967441212047,"report/neighbor/all":0,"report/neighbor/qa":0,"train/unlearning_loss_layer29":0,"train/training_loss":-0.4855274558067322,"report/forget/aa":0.8620689655172413,"report/neighbor/fb":0,"eval/utility/gen":0.28654970760233917,"report/utility/tru":26,"report/stage_number":20}