{"report/mia/rt":202.3057277138169,"eval/stage_number":0,"report/neighbor/qa":61.84126984126984,"trainer/global_step":0,"report/forget/qa":70.47619047619047,"report/utility/fac":46.12770141794909,"eval/utility/rea":0.41975308641975306,"eval/forget/qa":0.7047619047619047,"report/forget/fb":87.5,"report/stage_number":0,"eval/neighbor/qa":0.6184126984126984,"eval/neighbor/fb":0.7333333333333333,"eval/mia/rt":-2.023057277138169,"eval/utility/gen":0.7017543859649122,"eval/forget/fb":0.875,"report/utility/gen":70.17543859649122,"report/utility/rea":41.9753086419753,"report/utility/tru":34,"_timestamp":1.7734198500195935e+09,"_runtime":274,"eval/utility/flu":7.172546506904772,"eval/forget/aa":0.4281609195402299,"eval/utility/fac":0.4612770141794909,"report/neighbor/fb":73.33333333333333,"_wandb":{"runtime":274},"report/utility/flu":717.2546506904772,"report/forget/aa":42.81609195402299,"eval/mia/fm":-2.2590745340694083,"report/forget/all":60.00141181843339,"eval/utility/tru":0.34,"report/neighbor/all":67.74535659534342,"_step":0,"report/mia/fm":225.90745340694082}