{"_timestamp":1.7756791637419693e+09,"_runtime":714,"eval/forget/fb":0.875,"report/neighbor/fb":70,"report/utility/tru":36,"report/forget/qa":70.47619047619047,"eval/utility/tru":0.36,"report/stage_number":0,"report/utility/fac":45.931355160147724,"eval/stage_number":0,"report/neighbor/qa":61.36507936507935,"trainer/global_step":0,"report/utility/gen":69.5906432748538,"eval/utility/rea":0.41975308641975306,"report/neighbor/all":65.8012992465932,"eval/neighbor/qa":0.6136507936507936,"report/forget/aa":45.40229885057471,"eval/utility/flu":7.226278793992262,"eval/utility/fac":0.45931355160147724,"eval/utility/gen":0.695906432748538,"report/utility/rea":41.9753086419753,"report/forget/all":61.376940640725465,"report/mia/fm":225.58113943446764,"eval/mia/fm":-2.2558113943446765,"eval/forget/aa":0.4540229885057471,"eval/mia/rt":-2.0214447040815613,"eval/forget/qa":0.7047619047619047,"report/forget/fb":87.5,"_step":0,"eval/neighbor/fb":0.7,"report/utility/flu":722.6278793992262,"report/mia/rt":202.14447040815614,"_wandb":{"runtime":714}}