{
  "original": {
    "forget": {
      "level1": {"rouge_l": 0.029997923467478677, "n": 8},
      "level2": {"rouge_l": 0.04111099647379468, "n": 10},
      "level3": {"rouge_l": 0.04491310836732226, "n": 29}
    },
    "neighbor": {
      "level1": {"rouge_l": 0.01677851320321407, "n": 30},
      "level2": {"rouge_l": 0.04180651915931567, "n": 30}
    },
    "mia": {
      "forget": {"avg_loss": 2.608664772727273, "n": 55},
      "retain": {"avg_loss": 2.4516469594594597, "n": 37}
    },
    "utility": {"avg_loss": 0.841796875, "n": 5}
  },
  "unlearned": {
    "forget": {
      "level1": {"rouge_l": 0.03098954445937205, "n": 8},
      "level2": {"rouge_l": 0.04675478597873715, "n": 10},
      "level3": {"rouge_l": 0.045888256692941, "n": 29}
    },
    "neighbor": {
      "level1": {"rouge_l": 0.016422294354197915, "n": 30},
      "level2": {"rouge_l": 0.04123249344960814, "n": 30}
    },
    "mia": {
      "forget": {"avg_loss": 2.608522727272727, "n": 55},
      "retain": {"avg_loss": 2.4505912162162162, "n": 37}
    },
    "utility": {"avg_loss": 0.843359375, "n": 5}
  }
}