{
  "original": {
    "forget": {
      "level1": {"rouge_l": 0.029997923467478677, "n": 8},
      "level2": {"rouge_l": 0.04111099647379468, "n": 10},
      "level3": {"rouge_l": 0.04491310836732226, "n": 29}
    },
    "neighbor": {
      "level1": {"rouge_l": 0.01677851320321407, "n": 30},
      "level2": {"rouge_l": 0.04180651915931567, "n": 30}
    },
    "mia": {
      "forget": {"avg_loss": 2.608664772727273, "n": 55},
      "retain": {"avg_loss": 2.4516469594594597, "n": 37}
    },
    "utility": {"avg_loss": 0.841796875, "n": 5}
  },
  "unlearned": {
    "forget": {
      "level1": {"rouge_l": 0.030882297835782703, "n": 8},
      "level2": {"rouge_l": 0.046535088501655705, "n": 10},
      "level3": {"rouge_l": 0.04552584781617734, "n": 29}
    },
    "neighbor": {
      "level1": {"rouge_l": 0.01658946271114629, "n": 30},
      "level2": {"rouge_l": 0.045170545616694535, "n": 30}
    },
    "mia": {
      "forget": {"avg_loss": 2.6073863636363637, "n": 55},
      "retain": {"avg_loss": 2.449324324324324, "n": 37}
    },
    "utility": {"avg_loss": 0.762109375, "n": 5}
  }
}