{"eval/forget/aa":0,"report/mia/rt":1036.8355390187855,"report/stage_number":20,"train/unlearning_loss_layer4":0.00022584915859624743,"_timestamp":1.7757261974666936e+09,"report/neighbor/fb":0,"report/utility/gen":31.57894736842105,"train/loss":0.010430091992020607,"train/unlearning_loss_layer29":0.020634334534406662,"eval/utility/fac":0.025708709647093007,"train/unlearning_loss":0.010430091992020607,"report/neighbor/all":0,"trainer/global_step":33999,"eval/forget/qa":0.014285714285714285,"eval/utility/tru":0.26,"eval/utility/gen":0.3157894736842105,"report/forget/qa":1.4285714285714286,"eval/utility/flu":7.22221086224349,"report/forget/fb":1.7857142857142856,"eval/stage_number":20,"_wandb":{"runtime":38584},"report/forget/aa":0,"eval/neighbor/qa":0,"report/utility/tru":26,"eval/mia/fm":-10.867013428427956,"report/neighbor/qa":0,"train/training_loss_layer4":-0.47494322061538696,"eval/neighbor/fb":0,"report/utility/rea":0,"report/utility/fac":2.5708709647093007,"report/utility/flu":722.221086224349,"train/unlearning_threshold":0.20000000298023224,"epoch":19,"report/forget/all":0.7576400448230468,"train/training_loss":-0.4646839201450348,"eval/utility/rea":0,"train/training_loss_layer29":-0.4544246196746826,"eval/mia/rt":-10.368355390187856,"report/mia/fm":1086.7013428427956,"_step":3410,"train/grad_norm_embedding_clip":0.24143844842910767,"train/grad_norm_pre_clip":12.498498916625977,"_runtime":38584,"eval/forget/fb":0.017857142857142856}