{
  "USR": 0.625,
  "GUR_acc": 0.7,
  "GUR": 0.7,
  "APR": 0.3741379310344828,
  "MIA": 0.40217391304347827
}