{
  "final_results": {
    "USR": 0.75,
    "GUR_acc": 0.5,
    "GUR": 0.7142857142857143,
    "APR": 0.7620689655172415,
    "MIA": 0.2717391304347826
  },
  "paper_results": {
    "USR": 88.5,
    "GUR": 93.7,
    "APR": 79.4,
    "MIA": 18.8
  }
}