{"report/neighbor/qa":61.84126984126984,"report/mia/fm":225.90745340694082,"eval/neighbor/qa":0.6184126984126984,"_runtime":7535,"eval/forget/qa":0.7047619047619047,"_step":1500,"train/loss":-0.477761834859848,"report/neighbor/all":67.74535659534342,"report/forget/all":60.00141181843339,"report/stage_number":0,"eval/utility/flu":7.172546506904772,"report/mia/rt":202.3057277138169,"eval/forget/fb":0.875,"report/forget/qa":70.47619047619047,"report/forget/fb":87.5,"eval/utility/gen":0.7017543859649122,"eval/forget/aa":0.4281609195402299,"eval/mia/rt":-2.023057277138169,"report/utility/rea":24.691358024691358,"trainer/global_step":14999,"_timestamp":1.773417621725973e+09,"eval/mia/fm":-2.2590745340694083,"eval/utility/rea":0.24691358024691357,"report/utility/flu":717.2546506904772,"eval/utility/tru":0.34,"eval/stage_number":0,"eval/utility/fac":0.4612770141794909,"report/utility/tru":34,"report/utility/gen":70.17543859649122,"report/neighbor/fb":73.33333333333333,"train/grad_norm_embedding_clip":0.5591451525688171,"_wandb":{"runtime":7535},"report/forget/aa":42.81609195402299,"eval/neighbor/fb":0.7333333333333333,"epoch":0,"train/training_loss":-0.477761834859848,"report/utility/fac":46.12770141794909}