{"train/unlearning_threshold":0.20000000298023224,"report/utility/gen":65.49707602339181,"report/utility/rea":37.03703703703704,"_wandb":{"runtime":25986},"train/training_loss":-0.4830314517021179,"_runtime":25986,"eval/utility/fac":0.09991248986352634,"report/stage_number":20,"report/utility/tru":26,"train/unlearning_loss":0.029019996523857117,"report/forget/qa":3.3333333333333335,"eval/mia/fm":-6.7906286889856515,"eval/forget/aa":0.034482758620689655,"report/utility/fac":9.991248986352634,"train/grad_norm_embedding_clip":0.14866790175437927,"_timestamp":1.773133344210396e+09,"eval/forget/fb":0,"eval/neighbor/qa":0.24555555555555555,"report/mia/fm":679.0628688985652,"report/forget/all":2.564878934380955,"report/utility/flu":699.0004820615752,"eval/neighbor/fb":0.4,"eval/stage_number":20,"eval/forget/qa":0.03333333333333333,"train/loss":0.029019996523857117,"trainer/global_step":33999,"report/forget/fb":0,"report/forget/aa":3.4482758620689653,"report/mia/rt":552.1361170588312,"eval/utility/rea":0.37037037037037035,"report/neighbor/fb":40,"eval/utility/tru":0.26,"_step":3410,"report/neighbor/qa":24.555555555555557,"report/neighbor/all":32.49019148333675,"train/grad_norm_pre_clip":10.228174209594727,"eval/mia/rt":-5.521361170588313,"eval/utility/gen":0.6549707602339181,"eval/utility/flu":6.990004820615752,"epoch":19}